chr,SNP,effect_allele.exposure,beta.exposure,se.exposure,p.exposure,A1,effect_allele.outcome,p_gwas,OR.outcome,se.OR.outcome,not_adjusted_beta.outcome,beta.outcome,se.outcome,p.outcome,id.exposure,exposure,id.outcome,outcome,mr_keep
1,rs2645294,T,0.035,0.005,1.50E-14,C,T,0.8196,1.006,0.02557,0.005982072,-0.005982072,0.024804639,0.8196,EUR_WHRadjBMI,WHRadjBMI,UKB_CAD,CAD,TRUE
1,rs905938,T,0.034,0.005,4.90E-10,C,T,0.9517,0.9983,0.02873,-0.001701447,0.001701447,0.027996549,0.9517,EUR_WHRadjBMI,WHRadjBMI,UKB_CAD,CAD,TRUE
1,rs10919388,C,0.033,0.005,4.80E-10,A,C,0.1191,0.9558,0.02901,-0.045206593,0.045206593,0.029483026,0.1191,EUR_WHRadjBMI,WHRadjBMI,UKB_CAD,CAD,TRUE
1,rs714515,G,0.029,0.005,1.80E-10,G,G,0.4443,1.02,0.02555,0.019802627,0.019802627,0.024453528,0.4443,EUR_WHRadjBMI,WHRadjBMI,UKB_CAD,CAD,TRUE
3,rs10804591,A,0.04,0.006,6.10E-13,C,A,0.175,1.042,0.03052,0.041141943,-0.041141943,0.028479943,0.175,EUR_WHRadjBMI,WHRadjBMI,UKB_CAD,CAD,TRUE
3,rs2276824,C,0.028,0.005,3.70E-09,C,C,0.167,0.9654,0.02551,-0.035212756,-0.035212756,0.025762748,0.167,EUR_WHRadjBMI,WHRadjBMI,UKB_CAD,CAD,TRUE
3,rs2371767,G,0.056,0.005,1.20E-26,C,G,0.5257,0.9821,0.02853,-0.018062143,0.018062143,0.028253081,0.5257,EUR_WHRadjBMI,WHRadjBMI,UKB_CAD,CAD,TRUE
4,rs3805389,A,0.027,0.005,4.60E-08,A,A,0.3111,1.03,0.02882,0.029558802,0.029558802,0.027240274,0.3111,EUR_WHRadjBMI,WHRadjBMI,UKB_CAD,CAD,TRUE
4,rs9991328,T,0.028,0.005,3.40E-10,T,T,0.1866,1.034,0.02542,0.033434776,0.033434776,0.024010211,0.1866,EUR_WHRadjBMI,WHRadjBMI,UKB_CAD,CAD,TRUE
5,rs7705502,A,0.027,0.005,1.90E-08,A,A,0.9,0.9965,0.02764,-0.003506139,-0.003506139,0.027009379,0.9,EUR_WHRadjBMI,WHRadjBMI,UKB_CAD,CAD,TRUE
6,rs1776897,G,0.052,0.009,6.80E-09,G,G,0.01906,1.105,0.04263,0.099845335,0.099845335,0.037190194,0.01906,EUR_WHRadjBMI,WHRadjBMI,UKB_CAD,CAD,TRUE
6,rs1294410,C,0.037,0.005,1.60E-15,T,C,0.4445,1.02,0.02634,0.019802627,-0.019802627,0.025191259,0.4445,EUR_WHRadjBMI,WHRadjBMI,UKB_CAD,CAD,TRUE
6,rs1936805,T,0.052,0.005,3.70E-30,C,T,0.006688,0.9335,0.02539,-0.068814316,0.068814316,0.026498517,0.006688,EUR_WHRadjBMI,WHRadjBMI,UKB_CAD,CAD,TRUE
7,rs10245353,A,0.041,0.006,7.90E-13,A,A,0.09376,1.055,0.03196,0.053540767,0.053540767,0.029428563,0.09376,EUR_WHRadjBMI,WHRadjBMI,UKB_CAD,CAD,TRUE
8,rs7830933,A,0.037,0.005,1.20E-12,G,A,0.1534,0.9579,0.03016,-0.043011891,0.043011891,0.030552235,0.1534,EUR_WHRadjBMI,WHRadjBMI,UKB_CAD,CAD,TRUE
8,rs12679556,G,0.033,0.005,2.10E-10,G,G,0.5327,1.019,0.02953,0.018821754,0.018821754,0.028186277,0.5327,EUR_WHRadjBMI,WHRadjBMI,UKB_CAD,CAD,TRUE
9,rs10991437,A,0.04,0.007,2.80E-08,A,A,0.6477,0.982,0.03967,-0.018163971,-0.018163971,0.038877562,0.6477,EUR_WHRadjBMI,WHRadjBMI,UKB_CAD,CAD,TRUE
10,rs7917772,A,0.027,0.005,5.50E-09,G,A,0.8832,0.9961,0.02629,-0.003907625,0.003907625,0.025732943,0.8832,EUR_WHRadjBMI,WHRadjBMI,UKB_CAD,CAD,TRUE
11,rs11231693,A,0.068,0.010,2.70E-11,A,A,0.5511,0.9666,0.05691,-0.03397052,-0.03397052,0.055719996,0.5511,EUR_WHRadjBMI,WHRadjBMI,UKB_CAD,CAD,TRUE
12,rs4765219,C,0.037,0.005,1.00E-14,A,C,0.03799,0.9453,0.02713,-0.056252942,0.056252942,0.027921723,0.03799,EUR_WHRadjBMI,WHRadjBMI,UKB_CAD,CAD,TRUE
12,rs10842707,T,0.041,0.005,6.10E-15,T,T,0.9985,0.9999,0.03073,-0.000100005,-0.000100005,0.029843011,0.9985,EUR_WHRadjBMI,WHRadjBMI,UKB_CAD,CAD,TRUE
12,rs1443512,A,0.04,0.005,1.10E-14,A,A,0.2087,0.9619,0.03087,-0.038844784,-0.038844784,0.031123814,0.2087,EUR_WHRadjBMI,WHRadjBMI,UKB_CAD,CAD,TRUE
17,rs4646404,G,0.034,0.005,5.30E-11,A,G,0.7692,0.9926,0.0254,-0.007427516,0.007427516,0.024968323,0.7692,EUR_WHRadjBMI,WHRadjBMI,UKB_CAD,CAD,TRUE
20,rs6090583,A,0.029,0.005,2.80E-10,A,A,0.02244,1.062,0.0262,0.060153923,0.060153923,0.024092532,0.02244,EUR_WHRadjBMI,WHRadjBMI,UKB_CAD,CAD,TRUE
22,rs2294239,A,0.028,0.005,6.90E-10,G,A,0.454,1.019,0.02568,0.018821754,-0.018821754,0.024598545,0.454,EUR_WHRadjBMI,WHRadjBMI,UKB_CAD,CAD,TRUE
